"ID_GAME","ID_SEASON","DT_GAME"
"1","1","2004-07-22"
"2","1","2004-07-22"
"3","1","2004-07-22"
"4","1","2004-07-23"
"5","1","2004-07-23"
"6","1","2004-07-27"
"7","1","2004-07-27"
"8","1","2004-07-28"
"9","1","2004-07-29"
"10","1","2004-07-29"
"11","1","2004-08-03"
"12","1","2004-08-03"
"13","1","2004-08-05"
"14","1","2004-08-09"
"15","1","2004-08-17"
"16","1","2004-08-19"
"17","1","2004-08-26"
"18","1","2004-08-27"
"19","1","2004-08-31"
"20","1","2004-09-09"
"21","1","2004-09-13"
"22","1","2004-09-16"
"23","1","2004-09-23"
"24","1","2004-10-05"
"25","1","2004-10-21"
"26","1","2004-10-28"
"27","1","2004-11-23"
"28","1","2004-11-25"
"29","1","2004-12-01"
"30","1","2004-12-10"
"31","1","2004-12-20"
"32","1","2005-01-20"
"33","1","2005-01-27"
"34","1","2005-02-09"
"35","1","2005-02-18"
"36","1","2005-03-02"
"37","1","2005-03-11"
"38","1","2005-03-30"
"39","1","2005-04-13"
"40","1","2005-05-03"
"41","1","2005-05-13"
"42","1","2005-05-20"
"43","1","2005-05-26"
"44","1","2005-05-27"
"45","1","2005-06-02"
"46","1","2005-06-03"
"47","1","2005-06-09"
"48","1","2005-06-16"
"49","1","2005-06-22"
"50","1","2005-06-23"
"51","1","2005-06-30"
"52","1","2005-07-11"
"53","1","2005-07-14"
"54","1","2005-07-18"
"55","1","2005-07-20"
"56","1","2005-07-21"
"57","1","2005-07-27"
"58","1","2005-07-27"
"59","1","2005-07-29"
"60","1","2005-08-01"
"61","1","2005-08-03"
"62","1","2005-08-04"
"63","1","2005-08-05"
"64","1","2005-08-08"
"65","1","2005-08-08"
"66","1","2005-08-09"
"67","1","2005-08-12"
"68","1","2005-08-12"
"69","1","2005-08-15"
"70","1","2005-08-16"
"71","1","2005-08-17"
"72","1","2005-08-18"
"73","1","2005-08-19"
"74","1","2005-08-23"
"75","1","2005-08-24"
"76","1","2005-08-24"
"77","1","2005-08-25"
"78","1","2005-08-26"
"79","1","2005-08-29"
"80","1","2005-08-30"
"81","1","2005-08-31"
"82","1","2005-08-31"
"83","1","2005-09-01"
"84","1","2005-09-02"
"85","1","2005-09-05"
"86","1","2005-09-06"
"87","1","2005-09-07"
"88","1","2005-09-07"
"89","1","2005-09-08"
"90","1","2005-09-08"
"91","1","2005-09-09"
"92","1","2005-09-09"
"93","1","2005-09-09"
"94","1","2005-09-12"
"95","1","2005-09-12"
"96","1","2005-09-13"
"97","1","2005-09-14"
"98","1","2005-09-14"
"99","1","2005-09-15"
"100","1","2005-09-16"
"101","1","2005-09-16"
"102","1","2005-09-19"
"103","1","2005-09-19"
"104","1","2005-09-20"
"105","1","2005-09-20"
"106","1","2005-09-21"
"107","1","2005-09-21"
"108","1","2005-09-22"
"109","1","2005-09-23"
"110","1","2005-09-26"
"111","1","2005-09-28"
"112","1","2005-09-29"
"113","1","2005-09-30"
"114","1","2005-10-03"
"115","1","2005-10-05"
"116","1","2005-10-06"
"117","1","2005-10-07"
"118","1","2005-10-10"
"119","1","2005-10-10"
"120","1","2005-10-11"
"121","1","2005-10-13"
"122","1","2005-10-14"
"123","1","2005-10-14"
"124","1","2005-10-17"
"125","1","2005-10-18"
"126","1","2005-10-19"
"127","1","2005-10-20"
"128","1","2005-10-21"
"129","1","2005-10-24"
"130","1","2005-10-25"
"131","1","2005-10-26"
"132","1","2005-10-27"
"133","1","2005-10-28"
"134","1","2005-10-28"
"135","1","2005-11-01"
"136","1","2005-11-01"
"137","1","2005-11-02"
"138","1","2005-11-04"
"139","1","2005-11-04"
"140","1","2005-11-07"
"141","1","2005-11-08"
"142","1","2005-11-10"
"143","1","2005-11-11"
"144","1","2005-11-11"
"145","1","2005-11-14"
"146","1","2005-11-15"
"147","1","2005-11-15"
"148","1","2005-11-17"
"149","1","2005-11-18"
"150","1","2005-11-18"
"151","1","2005-11-21"
"152","1","2005-11-22"
"153","1","2005-11-23"
"154","1","2005-11-24"
"155","1","2005-11-25"
"156","1","2005-11-28"
"157","1","2005-11-29"
"158","1","2005-11-30"
"159","1","2005-12-01"
"160","1","2005-12-02"
"161","1","2005-12-05"
"162","1","2005-12-06"
"163","1","2005-12-07"
"164","1","2005-12-08"
"165","1","2005-12-08"
"166","2","2005-12-09"
"167","2","2005-12-09"
"168","2","2005-12-12"
"169","2","2005-12-13"
"170","2","2005-12-14"
"171","2","2005-12-15"
"172","2","2005-12-21"
"173","2","2005-12-22"
"174","2","2006-01-06"
"175","2","2006-01-13"
"176","2","2006-01-17"
"177","2","2006-01-18"
"178","2","2006-01-19"
"179","2","2006-01-20"
"180","2","2006-01-23"
"181","2","2006-01-24"
"182","2","2006-01-25"
"183","2","2006-01-27"
"184","2","2006-01-30"
"185","2","2006-01-31"
"186","2","2006-02-01"
"187","2","2006-02-02"
"188","2","2006-02-03"
"189","2","2006-02-03"
"190","2","2006-02-06"
"191","2","2006-02-07"
"192","2","2006-02-08"
"193","2","2006-02-09"
"194","2","2006-02-10"
"195","2","2006-02-10"
"196","2","2006-02-13"
"197","2","2006-02-14"
"198","2","2006-02-15"
"199","2","2006-02-16"
"200","2","2006-02-17"
"201","2","2006-02-17"
"202","2","2006-02-20"
"203","2","2006-02-21"
"204","2","2006-02-21"
"205","2","2006-02-22"
"206","2","2006-02-23"
"207","2","2006-02-24"
"208","2","2006-02-27"
"209","2","2006-02-28"
"210","2","2006-02-28"
"211","2","2006-03-01"
"212","2","2006-03-02"
"213","2","2006-03-03"
"214","2","2006-03-03"
"215","2","2006-03-06"
"216","2","2006-03-06"
"217","2","2006-03-07"
"218","2","2006-03-08"
"219","2","2006-03-09"
"220","2","2006-03-10"
"221","2","2006-03-10"
"222","2","2006-03-13"
"223","2","2006-03-14"
"224","2","2006-03-14"
"225","2","2006-03-15"
"226","2","2006-03-16"
"227","2","2006-03-17"
"228","2","2006-03-17"
"229","2","2006-03-20"
"230","2","2006-03-21"
"231","2","2006-03-21"
"232","2","2006-03-22"
"233","2","2006-03-23"
"234","2","2006-03-24"
"235","2","2006-03-27"
"236","2","2006-03-28"
"237","2","2006-03-30"
"238","2","2006-03-31"
"239","2","2006-04-05"
"240","2","2006-04-07"
"241","2","2006-04-11"
"242","2","2006-04-12"
"243","2","2006-04-13"
"244","2","2006-04-18"
"245","2","2006-04-21"
"246","2","2006-04-21"
"247","2","2006-04-27"
"248","2","2006-04-28"
"249","2","2006-05-01"
"250","2","2006-05-02"
"251","2","2006-05-05"
"252","2","2006-05-09"
"253","2","2006-05-10"
"254","2","2006-05-12"
"255","2","2006-05-12"
"256","2","2006-05-19"
"257","2","2006-05-19"
"258","2","2006-05-25"
"259","2","2006-06-02"
"260","2","2006-06-09"
"261","2","2006-06-09"
"262","2","2006-06-16"
"263","2","2006-06-20"
"264","2","2006-06-22"
"265","2","2006-07-07"
"266","2","2006-07-21"
"267","2","2006-08-04"
"268","2","2006-08-11"
"269","2","2006-08-18"
"270","2","2006-09-21"
"271","2","2006-10-27"
"272","2","2006-11-24"
"273","2","2007-05-18"
"274","2","2007-05-25"
"275","2","2007-06-01"
"276","2","2007-06-08"
"277","2","2007-06-15"
"278","2","2007-06-18"
"279","2","2007-06-19"
"280","2","2007-06-20"
"281","2","2007-06-21"
"282","2","2007-06-22"
"283","2","2007-06-22"
"284","2","2007-06-26"
"285","2","2007-06-28"
"286","2","2007-06-29"
"287","2","2007-07-11"
"288","2","2007-07-12"
"289","2","2007-07-13"
"290","2","2007-07-13"
"291","2","2007-07-16"
"292","2","2007-07-18"
"293","2","2007-07-19"
"294","2","2007-07-20"
"295","2","2007-07-24"
"296","2","2007-07-25"
"297","2","2007-07-26"
"298","2","2007-07-27"
"299","2","2007-07-30"
"300","2","2007-07-31"
"301","2","2007-08-01"
"302","2","2007-08-02"
"303","2","2007-08-03"
"304","2","2007-08-06"
"305","2","2007-08-08"
"306","2","2007-08-09"
"307","2","2007-08-10"
"308","2","2007-08-14"
"309","2","2007-08-15"
"310","2","2007-08-16"
"311","2","2007-08-21"
"312","2","2007-08-22"
"313","2","2007-08-23"
"314","2","2007-08-27"
"315","2","2007-08-29"
"316","2","2007-09-03"
"317","2","2007-09-04"
"318","2","2007-09-06"
"319","2","2007-09-07"
"320","2","2007-09-11"
"321","2","2007-09-12"
"322","2","2007-09-13"
"323","2","2007-09-14"
"324","2","2007-09-17"
"325","2","2007-09-18"
"326","2","2007-09-19"
"327","2","2007-09-20"
"328","2","2007-09-21"
"329","2","2007-09-24"
"330","2","2007-09-25"
"331","2","2007-09-26"
"332","2","2007-09-27"
"333","2","2007-09-28"
"334","2","2007-10-02"
"335","2","2007-10-03"
"336","2","2007-10-04"
"337","2","2007-10-05"
"338","2","2007-10-08"
"339","2","2007-10-09"
"340","2","2007-10-10"
"341","2","2007-10-11"
"342","2","2007-10-12"
"343","2","2007-10-15"
"344","2","2007-10-16"
"345","2","2007-10-17"
"346","2","2007-10-18"
"347","2","2007-10-19"
"348","2","2007-10-22"
"349","2","2007-10-23"
"350","2","2007-10-24"
"351","2","2007-10-25"
"352","2","2007-10-26"
"353","2","2007-10-29"
"354","2","2007-10-30"
"355","2","2007-10-31"
"356","2","2007-11-01"
"357","2","2007-11-02"
"358","2","2007-11-05"
"359","2","2007-11-06"
"360","2","2007-11-07"
"361","2","2007-11-08"
"362","2","2007-11-09"
"363","2","2007-11-12"
"364","2","2007-11-13"
"365","2","2007-11-14"
"366","2","2007-11-15"
"367","2","2007-11-16"
"368","2","2007-11-19"
"369","2","2007-11-20"
"370","2","2007-11-21"
"371","2","2007-11-22"
"372","2","2007-11-23"
"373","2","2007-11-26"
"374","2","2007-11-27"
"375","2","2007-11-29"
"376","2","2007-11-30"
"377","2","2007-12-03"
"378","2","2007-12-04"
"379","2","2007-12-05"
"380","2","2007-12-06"
"381","2","2007-12-07"
"382","2","2007-12-10"
"383","2","2007-12-11"
"384","2","2007-12-12"
"385","2","2007-12-13"
"386","2","2007-12-14"
"387","2","2007-12-17"
"388","2","2007-12-18"
"389","3","2007-12-19"
"390","3","2007-12-20"
"391","3","2007-12-20"
"392","3","2008-01-02"
"393","3","2008-01-03"
"394","3","2008-01-04"
"395","3","2008-01-07"
"396","3","2008-01-08"
"397","3","2008-01-09"
"398","3","2008-01-10"
"399","3","2008-01-11"
"400","3","2008-01-14"
"401","3","2008-01-15"
"402","3","2008-01-16"
"403","3","2008-01-17"
"404","3","2008-01-18"
"405","3","2008-01-21"
"406","3","2008-01-22"
"407","3","2008-01-23"
"408","3","2008-01-24"
"409","3","2008-01-29"
"410","3","2008-01-30"
"411","3","2008-01-31"
"412","3","2008-02-01"
"413","3","2008-02-04"
"414","3","2008-02-05"
"415","3","2008-02-06"
"416","3","2008-02-07"
"417","3","2008-02-08"
"418","3","2008-02-11"
"419","3","2008-02-12"
"420","3","2008-02-13"
"421","3","2008-02-14"
"422","3","2008-02-15"
"423","3","2008-02-18"
"424","3","2008-02-19"
"425","3","2008-02-20"
"426","3","2008-02-21"
"427","3","2008-02-22"
"428","3","2008-02-25"
"429","3","2008-02-26"
"430","3","2008-02-27"
"431","3","2008-02-28"
"432","3","2008-02-29"
"433","3","2008-03-03"
"434","3","2008-03-04"
"435","3","2008-03-05"
"436","3","2008-03-06"
"437","3","2008-03-07"
"438","3","2008-03-10"
"439","3","2008-03-11"
"440","3","2008-03-12"
"441","3","2008-03-13"
"442","3","2008-03-14"
"443","3","2008-03-17"
"444","3","2008-03-19"
"445","3","2008-03-20"
"446","3","2008-03-25"
"447","3","2008-03-26"
"448","3","2008-03-27"
"449","3","2008-03-28"
"450","3","2008-03-31"
"451","3","2008-04-01"
"452","3","2008-04-02"
"453","3","2008-04-03"
"454","3","2008-04-04"
"455","3","2008-04-08"
"456","3","2008-04-11"
"457","3","2008-04-14"
"458","3","2008-04-15"
"459","3","2008-04-18"
"460","3","2008-04-22"
"461","3","2008-04-23"
"462","3","2008-04-24"
"463","3","2008-04-29"
"464","3","2008-04-30"
"465","3","2008-05-01"
"466","3","2008-05-02"
"467","3","2008-05-06"
"468","3","2008-05-07"
"469","3","2008-05-09"
"470","3","2008-05-12"
"471","3","2008-05-13"
"472","3","2008-05-14"
"473","3","2008-05-15"
"474","3","2008-05-16"
"475","3","2008-05-19"
"476","3","2008-05-20"
"477","3","2008-05-21"
"478","3","2008-05-22"
"479","3","2008-05-23"
"480","3","2008-05-26"
"481","3","2008-05-27"
"482","3","2008-05-28"
"483","3","2008-05-29"
"484","3","2008-05-30"
"485","3","2008-06-02"
"486","3","2008-06-03"
"487","3","2008-06-04"
"488","3","2008-06-05"
"489","3","2008-06-06"
"490","3","2008-06-10"
"491","3","2008-06-11"
"492","3","2008-06-12"
"493","3","2008-06-13"
"494","3","2008-06-16"
"495","3","2008-06-17"
"496","3","2008-06-18"
"497","3","2008-06-20"
"498","3","2008-06-23"
"499","3","2008-06-25"
"500","3","2008-06-26"
"501","3","2008-06-27"
"502","3","2008-06-30"
"503","3","2008-07-01"
"504","3","2008-07-02"
"505","3","2008-07-03"
"506","3","2008-07-04"
"507","3","2008-07-07"
"508","3","2008-07-08"
"509","3","2008-07-09"
"510","3","2008-07-10"
"511","3","2008-07-14"
"512","3","2008-07-15"
"513","3","2008-07-16"
"514","3","2008-07-17"
"515","3","2008-07-18"
"516","3","2008-07-21"
"517","3","2008-07-22"
"518","3","2008-07-23"
"519","3","2008-07-24"
"520","3","2008-07-25"
"521","3","2008-07-28"
"522","3","2008-07-29"
"523","3","2008-07-30"
"524","3","2008-07-31"
"525","3","2008-08-04"
"526","3","2008-08-05"
"527","3","2008-08-06"
"528","3","2008-08-07"
"529","3","2008-08-08"
"530","3","2008-08-11"
"531","3","2008-08-12"
"532","3","2008-08-13"
"533","3","2008-08-14"
"534","3","2008-08-15"
"535","3","2008-08-18"
"536","3","2008-08-19"
"537","3","2008-08-20"
"538","3","2008-08-21"
"539","3","2008-08-25"
"540","3","2008-08-26"
"541","3","2008-08-27"
"542","3","2008-08-28"
"543","3","2008-08-29"
"544","3","2008-09-01"
"545","3","2008-09-02"
"546","3","2008-09-03"
"547","3","2008-09-04"
"548","3","2008-09-05"
"549","3","2008-09-08"
"550","3","2008-09-09"
"551","3","2008-09-10"
"552","3","2008-09-11"
"553","3","2008-09-12"
"554","3","2008-09-15"
"555","3","2008-09-16"
"556","3","2008-09-17"
"557","3","2008-09-18"
"558","3","2008-09-19"
"559","3","2008-09-22"
"560","3","2008-09-23"
"561","3","2008-09-24"
"562","3","2008-09-29"
"563","3","2008-09-30"
"564","3","2008-10-01"
"565","3","2008-10-02"
"566","3","2008-10-03"
"567","3","2008-10-07"
"568","3","2008-10-08"
"569","3","2008-10-09"
"570","3","2008-10-10"
"571","3","2008-10-13"
"572","3","2008-10-14"
"573","3","2008-10-16"
"574","3","2008-10-22"
"575","3","2008-10-23"
"576","3","2008-10-24"
"577","3","2008-11-05"
"578","3","2008-11-06"
"579","3","2008-11-12"
"580","3","2008-11-25"
"581","3","2008-11-27"
"582","3","2008-12-03"
"583","3","2008-12-04"
"584","3","2008-12-09"
"585","3","2008-12-10"
"586","3","2008-12-12"
"587","3","2008-12-15"
"588","3","2008-12-16"
"589","3","2008-12-18"
"590","3","2008-12-19"
"591","3","2008-12-23"
"592","3","2009-01-05"
"593","3","2009-01-06"
"594","3","2009-01-07"
"595","3","2009-01-08"
"596","3","2009-01-09"
"597","3","2009-01-12"
"598","3","2009-01-13"
"599","3","2009-01-19"
"600","3","2009-01-20"
"601","3","2009-01-21"
"602","3","2009-01-22"
"603","3","2009-01-23"
"604","3","2009-01-27"
"605","3","2009-01-28"
"606","3","2009-01-29"
"607","3","2009-01-30"
"608","3","2009-02-02"
"609","3","2009-02-04"
"610","3","2009-02-05"
"611","3","2009-02-11"
"612","3","2009-02-18"
"613","3","2009-02-24"
"614","3","2009-02-25"
"615","3","2009-03-03"
"616","3","2009-03-04"
"617","3","2009-03-06"
"618","3","2009-03-09"
"619","3","2009-03-10"
"620","3","2009-03-11"
"621","3","2009-03-17"
"622","3","2009-03-18"
"623","3","2009-03-19"
"624","3","2009-03-23"
"625","3","2009-03-24"
"626","3","2009-03-26"
"627","3","2009-03-31"
"628","3","2009-04-01"
"629","3","2009-04-02"
"630","3","2009-04-03"
"631","3","2009-04-06"
"632","3","2009-04-07"
"633","3","2009-04-08"
"634","3","2009-04-09"
"635","3","2009-04-14"
"636","3","2009-04-15"
"637","3","2009-04-29"
"638","3","2009-05-06"
"639","3","2009-05-07"
"640","3","2009-05-14"
"641","3","2009-05-18"
"642","3","2009-05-19"
"643","3","2009-05-20"
"644","3","2009-05-21"
"645","3","2009-05-25"
"646","3","2009-05-26"
"647","3","2009-05-27"
"648","3","2009-05-28"
"649","3","2009-05-29"
"650","3","2009-06-01"
"651","3","2009-06-02"
"652","3","2009-06-04"
"653","3","2009-06-09"
"654","3","2009-06-15"
"655","3","2009-06-16"
"656","3","2009-06-25"
"657","3","2009-06-29"
"658","3","2009-06-30"
"659","3","2009-07-06"
"660","3","2009-07-13"
"661","3","2009-07-21"
"662","3","2009-09-17"
"663","3","2009-09-21"
"664","3","2009-09-22"
"665","3","2009-09-24"
"666","3","2009-09-25"
"667","3","2009-09-28"
"668","3","2009-09-30"
"669","3","2009-10-02"
"670","3","2009-10-06"
"671","3","2009-10-07"
"672","3","2009-10-08"
"673","3","2009-10-12"
"674","3","2009-10-13"
"675","3","2009-10-15"
"676","3","2009-10-19"
"677","3","2009-10-26"
"678","3","2009-10-27"
"679","3","2009-10-29"
"680","3","2009-11-02"
"681","3","2009-11-03"
"682","3","2009-11-04"
"683","3","2009-11-05"
"684","3","2009-11-06"
"685","3","2009-11-10"
"686","3","2009-11-11"
"687","4","2009-11-12"
"688","4","2009-11-13"
"689","4","2009-11-16"
"690","4","2009-11-17"
"691","4","2009-11-18"
"692","4","2009-11-19"
"693","4","2009-11-23"
"694","4","2009-11-24"
"695","4","2009-11-25"
"696","4","2009-11-26"
"697","4","2009-11-27"
"698","4","2009-11-30"
"699","4","2009-12-01"
"700","4","2009-12-02"
"701","4","2009-12-03"
"702","4","2009-12-07"
"703","4","2009-12-08"
"704","4","2009-12-09"
"705","4","2009-12-10"
"706","4","2009-12-14"
"707","4","2009-12-15"
"708","4","2009-12-16"
"709","4","2009-12-17"
"710","4","2009-12-18"
"711","4","2009-12-21"
"712","4","2009-12-22"
"713","4","2009-12-23"
"714","4","2010-01-04"
"715","4","2010-01-05"
"716","4","2010-01-06"
"717","4","2010-01-07"
"718","4","2010-01-11"
"719","4","2010-01-12"
"720","4","2010-01-13"
"721","4","2010-01-14"
"722","4","2010-01-18"
"723","4","2010-01-19"
"724","4","2010-01-20"
"725","4","2010-01-27"
"726","4","2010-01-28"
"727","4","2010-02-01"
"728","4","2010-02-02"
"729","4","2010-02-03"
"730","4","2010-02-04"
"731","4","2010-02-05"
"732","4","2010-02-08"
"733","4","2010-02-09"
"734","4","2010-02-10"
"735","4","2010-02-15"
"736","4","2010-02-16"
"737","4","2010-02-17"
"738","4","2010-02-22"
"739","4","2010-02-24"
"740","4","2010-02-26"
"741","4","2010-03-01"
"742","4","2010-03-02"
"743","4","2010-03-03"
"744","4","2010-03-04"
"745","4","2010-03-08"
"746","4","2010-03-09"
"747","4","2010-03-10"
"748","4","2010-03-11"
"749","4","2010-03-12"
"750","4","2010-03-15"
"751","4","2010-03-16"
"752","4","2010-03-17"
"753","4","2010-03-18"
"754","4","2010-03-22"
"755","4","2010-03-23"
"756","4","2010-03-24"
"757","4","2010-03-25"
"758","4","2010-03-29"
"759","4","2010-03-30"
"760","4","2010-03-31"
"761","4","2010-04-01"
"762","4","2010-04-06"
"763","4","2010-04-07"
"764","4","2010-04-08"
"765","4","2010-04-12"
"766","4","2010-04-13"
"767","4","2010-04-14"
"768","4","2010-04-15"
"769","4","2010-04-16"
"770","4","2010-04-19"
"771","4","2010-04-20"
"772","4","2010-04-21"
"773","4","2010-04-22"
"774","4","2010-04-23"
"775","4","2010-04-27"
"776","4","2010-04-28"
"777","4","2010-04-29"
"778","4","2010-04-30"
"779","4","2010-05-03"
"780","4","2010-05-04"
"781","4","2010-05-05"
"782","4","2010-05-07"
"783","4","2010-05-10"
"784","4","2010-05-11"
"785","4","2010-05-12"
"786","4","2010-05-14"
"787","4","2010-05-17"
"788","4","2010-05-18"
"789","4","2010-05-19"
"790","4","2010-05-20"
"791","4","2010-05-21"
"792","4","2010-05-24"
"793","4","2010-05-25"
"794","4","2010-05-26"
"795","4","2010-05-27"
"796","4","2010-05-28"
"797","4","2010-05-31"
"798","4","2010-06-01"
"799","4","2010-06-02"
"800","4","2010-06-03"
"801","4","2010-06-04"
"802","4","2010-06-07"
"803","4","2010-06-08"
"804","4","2010-06-09"
"805","4","2010-06-10"
"806","4","2010-06-11"
"807","4","2010-06-15"
"808","4","2010-06-16"
"809","4","2010-06-17"
"810","4","2010-06-18"
"811","4","2010-06-21"
"812","4","2010-06-22"
"813","4","2010-06-23"
"814","4","2010-06-24"
"815","4","2010-06-25"
"816","4","2010-06-28"
"817","4","2010-06-29"
"818","4","2010-06-30"
"819","4","2010-07-01"
"820","4","2010-07-02"
"821","4","2010-07-05"
"822","4","2010-07-06"
"823","4","2010-07-07"
"824","4","2010-07-08"
"825","4","2010-07-09"
"826","4","2010-07-12"
"827","4","2010-07-13"
"828","4","2010-07-14"
"829","4","2010-07-15"
"830","4","2010-07-16"
"831","4","2010-07-19"
"832","4","2010-07-20"
"833","4","2010-07-21"
"834","4","2010-07-22"
"835","4","2010-07-23"
"836","4","2010-07-26"
"837","4","2010-07-27"
"838","4","2010-07-28"
"839","4","2010-07-29"
"840","4","2010-07-30"
"841","5","2010-08-03"
"842","5","2010-08-04"
"843","5","2010-08-05"
"844","5","2010-08-06"
"845","5","2010-08-09"
"846","5","2010-08-10"
"847","5","2010-08-11"
"848","5","2010-08-12"
"849","5","2010-08-13"
"850","5","2010-08-16"
"851","5","2010-08-17"
"852","5","2010-08-18"
"853","5","2010-08-19"
"854","5","2010-08-20"
"855","5","2010-08-23"
"856","5","2010-08-24"
"857","5","2010-08-25"
"858","5","2010-08-26"
"859","5","2010-08-27"
"860","5","2010-08-30"
"861","5","2010-08-31"
"862","5","2010-09-01"
"863","5","2010-09-02"
"864","5","2010-09-03"
"865","5","2010-09-06"
"866","5","2010-09-07"
"867","5","2010-09-08"
"868","5","2010-09-09"
"869","5","2010-09-10"
"870","5","2010-09-13"
"871","5","2010-09-14"
"872","5","2010-09-15"
"873","5","2010-09-16"
"874","5","2010-09-17"
"875","5","2010-09-20"
"876","5","2010-09-21"
"877","5","2010-09-22"
"878","5","2010-09-23"
"879","5","2010-09-24"
"880","5","2010-09-27"
"881","5","2010-09-28"
"882","5","2010-09-29"
"883","5","2010-09-30"
"884","5","2010-10-01"
"885","5","2010-10-05"
"886","5","2010-10-06"
"887","5","2010-10-07"
"888","5","2010-10-08"
"889","5","2010-10-11"
"890","5","2010-10-12"
"891","5","2010-10-13"
"892","5","2010-10-14"
"893","5","2010-10-15"
"894","5","2010-10-18"
"895","5","2010-10-19"
"896","5","2010-10-20"
"897","5","2010-10-21"
"898","5","2010-10-22"
"899","5","2010-10-25"
"900","5","2010-10-26"
"901","5","2010-10-27"
"902","5","2010-10-28"
"903","5","2010-10-29"
"904","5","2010-11-01"
"905","5","2010-11-02"
"906","5","2010-11-03"
"907","5","2010-11-04"
"908","5","2010-11-05"
"909","5","2010-11-08"
"910","5","2010-11-09"
"911","5","2010-11-10"
"912","5","2010-11-11"
"913","5","2010-11-12"
"914","5","2010-11-15"
"915","5","2010-11-16"
"916","5","2010-11-17"
"917","5","2010-11-18"
"918","5","2010-11-19"
"919","5","2010-11-22"
"920","5","2010-11-23"
"921","5","2010-11-24"
"922","5","2010-11-25"
"923","5","2010-11-26"
"924","5","2010-11-29"
"925","5","2010-11-30"
"926","5","2010-12-01"
"927","5","2010-12-02"
"928","5","2010-12-03"
"929","5","2010-12-06"
"930","5","2010-12-07"
"931","5","2010-12-08"
"932","5","2010-12-09"
"933","5","2010-12-10"
"934","5","2010-12-11"
"935","5","2010-12-14"
"936","5","2010-12-15"
"937","5","2010-12-16"
"938","5","2010-12-17"
"939","5","2010-12-20"
"940","5","2010-12-21"
"941","5","2010-12-22"
"942","5","2010-12-23"
"943","5","2011-01-04"
"944","5","2011-01-05"
"945","5","2011-01-06"
"946","5","2011-01-07"
"947","5","2011-01-10"
"948","5","2011-01-11"
"949","5","2011-01-12"
"950","5","2011-01-13"
"951","5","2011-01-14"
"952","5","2011-01-17"
"953","5","2011-01-18"
"954","5","2011-01-19"
"955","5","2011-01-20"
"956","5","2011-01-21"
"957","5","2011-01-24"
"958","5","2011-01-25"
"959","5","2011-01-27"
"960","5","2011-01-28"
"961","5","2011-01-31"
"962","5","2011-02-01"
"963","5","2011-02-02"
"964","5","2011-02-03"
"965","5","2011-02-04"
"966","5","2011-02-07"
"967","5","2011-02-08"
"968","5","2011-02-09"
"969","5","2011-02-10"
"970","5","2011-02-11"
"971","5","2011-02-14"
"972","5","2011-02-15"
"973","5","2011-02-16"
"974","5","2011-02-17"
"975","5","2011-02-18"
"976","5","2011-02-21"
"977","5","2011-02-22"
"978","5","2011-02-23"
"979","5","2011-02-24"
"980","5","2011-02-25"
"981","5","2011-02-28"
"982","5","2011-03-01"
"983","5","2011-03-02"
"984","5","2011-03-03"
"985","5","2011-03-04"
"986","5","2011-03-07"
"987","5","2011-03-08"
"988","5","2011-03-09"
"989","5","2011-03-10"
"990","5","2011-03-11"
"991","5","2011-03-14"
"992","5","2011-03-15"
"993","5","2011-03-16"
"994","5","2011-03-21"
"995","5","2011-03-22"
"996","5","2011-03-23"
"997","5","2011-03-24"
"998","5","2011-03-25"
"999","5","2011-03-28"
"1000","5","2011-03-29"
"1001","5","2011-03-30"
"1002","5","2011-03-31"
"1003","5","2011-04-01"
"1004","5","2011-04-04"
"1005","5","2011-04-05"
"1006","5","2011-04-06"
"1007","5","2011-04-07"
"1008","5","2011-04-08"
"1009","6","2011-04-11"
"1010","6","2011-04-12"
"1011","6","2011-04-13"
"1012","6","2011-04-14"
"1013","6","2011-04-15"
"1014","6","2011-04-18"
"1015","6","2011-04-19"
"1016","6","2011-04-20"
"1017","6","2011-04-21"
"1018","6","2011-04-27"
"1019","6","2011-04-28"
"1020","6","2011-04-29"
"1021","6","2011-05-02"
"1022","6","2011-05-03"
"1023","6","2011-05-04"
"1024","6","2011-05-05"
"1025","6","2011-05-06"
"1026","6","2011-05-09"
"1027","6","2011-05-10"
"1028","6","2011-05-11"
"1029","6","2011-05-12"
"1030","6","2011-05-13"
"1031","6","2011-05-16"
"1032","6","2011-05-17"
"1033","6","2011-05-18"
"1034","6","2011-05-19"
"1035","6","2011-05-20"
"1036","6","2011-05-23"
"1037","6","2011-05-24"
"1038","6","2011-05-25"
"1039","6","2011-05-26"
"1040","6","2011-05-27"
"1041","6","2011-05-30"
"1042","6","2011-05-31"
"1043","6","2011-06-01"
"1044","6","2011-06-03"
"1045","6","2011-06-06"
"1046","6","2011-06-07"
"1047","6","2011-06-08"
"1048","6","2011-06-09"
"1049","6","2011-06-10"
"1050","6","2011-06-13"
"1051","6","2011-06-14"
"1052","6","2011-06-15"
"1053","6","2011-06-16"
"1054","6","2011-06-17"
"1055","6","2011-06-20"
"1056","6","2011-06-21"
"1057","6","2011-06-22"
"1058","6","2011-06-23"
"1059","6","2011-06-24"
"1060","6","2011-06-27"
"1061","6","2011-06-28"
"1062","6","2011-06-29"
"1063","6","2011-06-30"
"1064","6","2011-07-01"
"1065","6","2011-07-04"
"1066","6","2011-07-05"
"1067","6","2011-07-06"
"1068","6","2011-07-07"
"1069","6","2011-07-11"
"1070","6","2011-07-12"
"1071","6","2011-07-14"
"1072","6","2011-07-15"
"1073","6","2011-07-18"
"1074","6","2011-07-19"
"1075","6","2011-07-20"
"1076","6","2011-07-21"
"1077","6","2011-07-22"
"1078","6","2011-07-25"
"1079","6","2011-07-26"
"1080","6","2011-07-27"
"1081","6","2011-07-28"
"1082","6","2011-07-29"
"1083","6","2011-08-02"
"1084","6","2011-08-03"
"1085","6","2011-08-04"
"1086","6","2011-08-05"
"1087","6","2011-08-08"
"1088","6","2011-08-09"
"1089","6","2011-08-10"
"1090","6","2011-08-11"
"1091","6","2011-08-12"
"1092","6","2011-08-15"
"1093","6","2011-08-16"
"1094","6","2011-08-17"
"1095","6","2011-08-18"
"1096","6","2011-08-19"
"1097","6","2011-08-22"
"1098","6","2011-08-23"
"1099","6","2011-08-24"
"1100","6","2011-08-25"
"1101","6","2011-08-26"
"1102","6","2011-08-29"
"1103","6","2011-08-30"
"1104","6","2011-08-31"
"1105","6","2011-09-01"
"1106","6","2011-09-02"
"1107","6","2011-09-05"
"1108","6","2011-09-06"
"1109","6","2011-09-07"
"1110","6","2011-09-08"
"1111","6","2011-09-09"
"1112","6","2011-09-12"
"1113","6","2011-09-13"
"1114","6","2011-09-14"
"1115","6","2011-09-15"
"1116","6","2011-09-16"
"1117","6","2011-09-20"
"1118","6","2011-09-21"
"1119","6","2011-09-22"
"1120","6","2011-09-23"
"1121","6","2011-09-26"
"1122","6","2011-09-27"
"1123","6","2011-09-28"
"1124","6","2011-09-29"
"1125","6","2011-09-30"
"1126","6","2011-10-04"
"1127","6","2011-10-05"
"1128","6","2011-10-06"
"1129","6","2011-10-07"
"1130","6","2011-10-10"
"1131","6","2011-10-11"
"1132","6","2011-10-12"
"1133","6","2011-10-13"
"1134","6","2011-10-14"
"1135","7","2011-10-17"
"1136","7","2011-10-18"
"1137","7","2011-10-19"
"1138","7","2011-10-20"
"1139","7","2011-10-21"
"1140","7","2011-10-24"
"1141","7","2011-10-25"
"1142","7","2011-10-26"
"1143","7","2011-10-27"
"1144","7","2011-10-28"
"1145","7","2011-10-31"
"1146","7","2011-11-01"
"1147","7","2011-11-02"
"1148","7","2011-11-03"
"1149","7","2011-11-08"
"1150","7","2011-11-09"
"1151","7","2011-11-10"
"1152","7","2011-11-11"
"1153","7","2011-11-14"
"1154","7","2011-11-15"
"1155","7","2011-11-16"
"1156","7","2011-11-17"
"1157","7","2011-11-18"
"1158","7","2011-11-21"
"1159","7","2011-11-22"
"1160","7","2011-11-23"
"1161","7","2011-11-24"
"1162","7","2011-11-25"
"1163","7","2011-11-28"
"1164","7","2011-11-29"
"1165","7","2011-11-30"
"1166","7","2011-12-01"
"1167","7","2011-12-02"
"1168","7","2011-12-05"
"1169","7","2011-12-06"
"1170","7","2011-12-07"
"1171","7","2011-12-08"
"1172","7","2011-12-09"
"1173","7","2011-12-12"
"1174","7","2011-12-13"
"1175","7","2011-12-14"
"1176","7","2011-12-15"
"1177","7","2011-12-16"
"1178","7","2011-12-19"
"1179","7","2011-12-20"
"1180","7","2011-12-21"
"1181","7","2011-12-22"
"1182","7","2011-12-30"
"1183","7","2012-01-03"
"1184","7","2012-01-04"
"1185","7","2012-01-05"
"1186","7","2012-01-06"
"1187","7","2012-01-09"
"1188","7","2012-01-10"
"1189","7","2012-01-11"
"1190","7","2012-01-12"
"1191","7","2012-01-16"
"1192","7","2012-01-17"
"1193","7","2012-01-18"
"1194","7","2012-01-19"
"1195","7","2012-01-20"
"1196","7","2012-01-23"
"1197","7","2012-01-24"
"1198","7","2012-01-25"
"1199","7","2012-01-27"
"1200","7","2012-01-30"
"1201","7","2012-01-31"
"1202","7","2012-02-01"
"1203","7","2012-02-02"
"1204","7","2012-02-03"
"1205","7","2012-02-06"
"1206","7","2012-02-07"
"1207","7","2012-02-08"
"1208","7","2012-02-09"
"1209","7","2012-02-10"
"1210","7","2012-02-13"
"1211","7","2012-02-14"
"1212","7","2012-02-15"
"1213","7","2012-02-16"
"1214","7","2012-02-17"
"1215","7","2012-02-20"
"1216","7","2012-02-21"
"1217","7","2012-02-22"
"1218","7","2012-02-23"
"1219","7","2012-02-24"
"1220","7","2012-02-27"
"1221","7","2012-02-28"
"1222","7","2012-02-29"
"1223","7","2012-03-01"
"1224","7","2012-03-02"
"1225","7","2012-03-05"
"1226","7","2012-03-06"
"1227","7","2012-03-07"
"1228","7","2012-03-08"
"1229","7","2012-03-09"
"1230","7","2012-03-12"
"1231","7","2012-03-13"
"1232","7","2012-03-14"
"1233","7","2012-03-15"
"1234","7","2012-03-16"
"1235","7","2012-03-19"
"1236","7","2012-03-20"
"1237","7","2012-03-21"
"1238","7","2012-03-22"
"1239","7","2012-03-23"
"1240","7","2012-03-26"
"1241","7","2012-03-27"
"1242","7","2012-03-28"
"1243","7","2012-03-29"
"1244","7","2012-03-30"
"1245","7","2012-04-02"
"1246","7","2012-04-03"
"1247","7","2012-04-04"
"1248","7","2012-04-05"
"1249","7","2012-04-11"
"1250","7","2012-04-12"
"1251","7","2012-04-13"
"1252","8","2012-04-16"
"1253","8","2012-04-17"
"1254","8","2012-04-18"
"1255","8","2012-04-19"
"1256","8","2012-04-20"
"1257","8","2012-04-23"
"1258","8","2012-04-24"
"1259","8","2012-04-26"
"1260","8","2012-04-27"
"1261","8","2012-04-30"
"1262","8","2012-05-01"
"1263","8","2012-05-02"
"1264","8","2012-05-03"
"1265","8","2012-05-04"
"1266","8","2012-05-07"
"1267","8","2012-05-08"
"1268","8","2012-05-09"
"1269","8","2012-05-10"
"1270","8","2012-05-11"
"1271","8","2012-05-14"
"1272","8","2012-05-15"
"1273","8","2012-05-16"
"1274","8","2012-05-17"
"1275","8","2012-05-18"
"1276","8","2012-05-21"
"1277","8","2012-05-22"
"1278","8","2012-05-23"
"1279","8","2012-05-24"
"1280","8","2012-05-25"
"1281","8","2012-05-28"
"1282","8","2012-05-29"
"1283","8","2012-05-30"
"1284","8","2012-05-31"
"1285","8","2012-06-01"
"1286","8","2012-06-04"
"1287","8","2012-06-05"
"1288","8","2012-06-06"
"1289","8","2012-06-07"
"1290","8","2012-06-08"
"1291","8","2012-06-12"
"1292","8","2012-06-13"
"1293","8","2012-06-14"
"1294","8","2012-06-15"
"1295","8","2012-06-18"
"1296","8","2012-06-19"
"1297","8","2012-06-20"
"1298","8","2012-06-21"
"1299","8","2012-06-22"
"1300","8","2012-06-25"
"1301","8","2012-06-26"
"1302","8","2012-06-27"
"1303","8","2012-06-28"
"1304","8","2012-06-29"
"1305","8","2012-07-02"
"1306","8","2012-07-03"
"1307","8","2012-07-04"
"1308","8","2012-07-05"
"1309","8","2012-07-06"
"1310","8","2012-07-09"
"1311","8","2012-07-10"
"1312","8","2012-07-11"
"1313","8","2012-07-12"
"1314","8","2012-07-13"
"1315","8","2012-07-16"
"1316","8","2012-07-17"
"1317","8","2012-07-18"
"1318","8","2012-07-19"
"1319","8","2012-07-20"
"1320","8","2012-07-23"
"1321","8","2012-07-24"
"1322","8","2012-07-25"
"1323","8","2012-07-26"
"1324","8","2012-07-27"
"1325","8","2012-07-30"
"1326","8","2012-07-31"
"1327","8","2012-08-01"
"1328","8","2012-08-02"
"1329","8","2012-08-03"
"1330","8","2012-08-06"
"1331","8","2012-08-07"
"1332","8","2012-08-08"
"1333","8","2012-08-09"
"1334","8","2012-08-10"
"1335","8","2012-08-13"
"1336","8","2012-08-14"
"1337","8","2012-08-15"
"1338","8","2012-08-16"
"1339","8","2012-08-17"
"1340","8","2012-08-20"
"1341","8","2012-08-21"
"1342","8","2012-08-21"
"1343","8","2012-08-22"
"1344","8","2012-08-22"
"1345","8","2012-08-23"
"1346","8","2012-08-23"
"1347","8","2012-08-24"
"1348","8","2012-08-24"
"1349","8","2012-08-27"
"1350","8","2012-08-28"
"1351","8","2012-08-29"
"1352","8","2012-08-30"
"1353","8","2012-08-31"
"1354","8","2012-09-03"
"1355","8","2012-09-04"
"1356","8","2012-09-05"
"1357","8","2012-09-06"
"1358","8","2012-09-07"
"1359","8","2012-09-10"
"1360","8","2012-09-11"
"1361","8","2012-09-12"
"1362","8","2012-09-13"
"1363","8","2012-09-14"
"1364","8","2012-09-17"
"1365","8","2012-09-18"
"1366","8","2012-09-19"
"1367","8","2012-09-20"
"1368","8","2012-09-21"
"1369","8","2012-09-24"
"1370","8","2012-09-25"
"1371","8","2012-09-26"
"1372","8","2012-09-27"
"1373","8","2012-09-28"
"1374","8","2012-10-02"
"1375","8","2012-10-03"
"1376","8","2012-10-04"
"1377","8","2012-10-05"
"1378","8","2012-10-08"
"1379","8","2012-10-09"
"1380","8","2012-10-10"
"1381","8","2012-10-11"
"1382","8","2012-10-12"
"1383","9","2012-10-15"
"1384","9","2012-10-16"
"1385","9","2012-10-17"
"1386","9","2012-10-18"
"1387","9","2012-10-19"
"1388","9","2012-10-22"
"1389","9","2012-10-23"
"1390","9","2012-10-24"
"1391","9","2012-10-25"
"1392","9","2012-10-26"
"1393","9","2012-10-29"
"1394","9","2012-10-30"
"1395","9","2012-10-31"
"1396","9","2012-11-01"
"1397","9","2012-11-02"
"1398","9","2012-11-05"
"1399","9","2012-11-06"
"1400","9","2012-11-07"
"1401","9","2012-11-08"
"1402","9","2012-11-09"
"1403","9","2012-11-12"
"1404","9","2012-11-13"
"1405","9","2012-11-14"
"1406","9","2012-11-15"
"1407","9","2012-11-16"
"1408","9","2012-11-19"
"1409","9","2012-11-20"
"1410","9","2012-11-21"
"1411","9","2012-11-22"
"1412","9","2012-11-23"
"1413","9","2012-11-26"
"1414","9","2012-11-27"
"1415","9","2012-11-28"
"1416","9","2012-11-29"
"1417","9","2012-11-30"
"1418","9","2012-12-03"
"1419","9","2012-12-04"
"1420","9","2012-12-05"
"1421","9","2012-12-06"
"1422","9","2012-12-07"
"1423","9","2012-12-10"
"1424","9","2012-12-11"
"1425","9","2012-12-12"
"1426","9","2012-12-13"
"1427","9","2012-12-14"
"1428","9","2012-12-17"
"1429","9","2012-12-18"
"1430","9","2012-12-19"
"1431","9","2012-12-20"
"1432","9","2012-12-21"
"1433","9","2012-12-24"
"1434","9","2012-12-27"
"1435","9","2012-12-28"
"1436","9","2012-12-31"
"1437","9","2013-01-02"
"1438","9","2013-01-03"
"1439","9","2013-01-04"
"1440","9","2013-01-07"
"1441","9","2013-01-08"
"1442","9","2013-01-09"
"1443","9","2013-01-10"
"1444","9","2013-01-11"
"1445","9","2013-01-14"
"1446","9","2013-01-15"
"1447","9","2013-01-16"
"1448","9","2013-01-17"
"1449","9","2013-01-18"
"1450","9","2013-01-21"
"1451","9","2013-01-22"
"1452","9","2013-01-23"
"1453","9","2013-01-24"
"1454","9","2013-01-25"
"1455","9","2013-01-29"
"1456","9","2013-01-30"
"1457","9","2013-01-31"
"1458","9","2013-02-01"
"1459","9","2013-02-04"
"1460","9","2013-02-05"
"1461","9","2013-02-06"
"1462","9","2013-02-07"
"1463","9","2013-02-08"
"1464","9","2013-02-11"
"1465","9","2013-02-12"
"1466","9","2013-02-13"
"1467","9","2013-02-14"
"1468","9","2013-02-15"
"1469","9","2013-02-18"
"1470","9","2013-02-19"
"1471","9","2013-02-20"
"1472","9","2013-02-21"
"1473","9","2013-02-22"
"1474","9","2013-02-25"
"1475","9","2013-02-26"
"1476","9","2013-02-27"
"1477","9","2013-02-28"
"1478","9","2013-03-01"
"1479","9","2013-03-04"
"1480","9","2013-03-05"
"1481","9","2013-03-06"
"1482","9","2013-03-07"
"1483","9","2013-03-08"
"1484","9","2013-03-11"
"1485","9","2013-03-12"
"1486","9","2013-03-13"
"1487","9","2013-03-14"
"1488","9","2013-03-15"
"1489","9","2013-03-18"
"1490","9","2013-03-19"
"1491","9","2013-03-20"
"1492","9","2013-03-21"
"1493","9","2013-03-22"
"1494","9","2013-03-25"
"1495","9","2013-03-26"
"1496","9","2013-03-27"
"1497","9","2013-03-28"
"1498","9","2013-04-02"
"1499","9","2013-04-03"
"1500","9","2013-04-04"
"1501","9","2013-04-05"
"1502","9","2013-04-08"
"1503","9","2013-04-09"
"1504","9","2013-04-10"
"1505","9","2013-04-11"
"1506","9","2013-04-12"
"1507","9","2013-04-15"
"1508","9","2013-04-16"
"1509","9","2013-04-17"
"1510","9","2013-04-18"
"1511","9","2013-04-19"
"1512","9","2013-04-22"
"1513","9","2013-04-23"
"1514","9","2013-04-24"
"1515","9","2013-04-26"
"1516","9","2013-04-29"
"1517","9","2013-04-30"
"1518","9","2013-05-01"
"1519","9","2013-05-02"
"1520","9","2013-05-03"
"1521","9","2013-05-06"
"1522","9","2013-05-07"
"1523","9","2013-05-08"
"1524","9","2013-05-09"
"1525","9","2013-05-10"
"1526","9","2013-05-13"
"1527","9","2013-05-14"
"1528","9","2013-05-15"
"1529","9","2013-05-16"
"1530","9","2013-05-17"
"1531","10","2013-05-20"
"1532","10","2013-05-21"
"1533","10","2013-05-22"
"1534","10","2013-05-23"
"1535","10","2013-05-24"
"1536","10","2013-05-27"
"1537","10","2013-05-28"
"1538","10","2013-05-29"
"1539","10","2013-05-30"
"1540","10","2013-05-31"
"1541","10","2013-06-03"
"1542","10","2013-06-04"
"1543","10","2013-06-05"
"1544","10","2013-06-06"
"1545","10","2013-06-07"
"1546","10","2013-06-11"
"1547","10","2013-06-12"
"1548","10","2013-06-13"
"1549","10","2013-06-14"
"1550","10","2013-06-17"
"1551","10","2013-06-18"
"1552","10","2013-06-19"
"1553","10","2013-06-20"
"1554","10","2013-06-21"
"1555","10","2013-06-24"
"1556","10","2013-06-25"
"1557","10","2013-06-26"
"1558","10","2013-06-27"
"1559","10","2013-06-28"
"1560","10","2013-07-01"
"1561","10","2013-07-02"
"1562","10","2013-07-03"
"1563","10","2013-07-04"
"1564","10","2013-07-05"
"1565","10","2013-07-08"
"1566","10","2013-07-09"
"1567","10","2013-07-10"
"1568","10","2013-07-11"
"1569","10","2013-07-12"
"1570","10","2013-07-15"
"1571","10","2013-07-16"
"1572","10","2013-07-17"
"1573","10","2013-07-18"
"1574","10","2013-07-19"
"1575","10","2013-07-22"
"1576","10","2013-07-23"
"1577","10","2013-07-24"
"1578","10","2013-07-25"
"1579","10","2013-07-26"
"1580","10","2013-07-29"
"1581","10","2013-07-30"
"1582","10","2013-07-31"
"1583","10","2013-08-01"
"1584","10","2013-08-02"
"1585","10","2013-08-05"
"1586","10","2013-08-06"
"1587","10","2013-08-07"
"1588","10","2013-08-08"
"1589","10","2013-08-09"
"1590","10","2013-08-12"
"1591","10","2013-08-13"
"1592","10","2013-08-14"
"1593","10","2013-08-15"
"1594","10","2013-08-16"
"1595","10","2013-08-19"
"1596","10","2013-08-20"
"1597","10","2013-08-21"
"1598","10","2013-08-22"
"1599","10","2013-08-23"
"1600","10","2013-08-26"
"1601","10","2013-08-27"
"1602","10","2013-08-28"
"1603","10","2013-08-29"
"1604","10","2013-08-30"
"1605","10","2013-09-02"
"1606","10","2013-09-03"
"1607","10","2013-09-04"
"1608","10","2013-09-05"
"1609","10","2013-09-06"
"1610","10","2013-09-09"
"1611","10","2013-09-10"
"1612","10","2013-09-11"
"1613","10","2013-09-12"
"1614","10","2013-09-13"
"1615","10","2013-09-16"
"1616","10","2013-09-17"
"1617","10","2013-09-18"
"1618","10","2013-09-19"
"1619","10","2013-09-20"
"1620","10","2013-09-23"
"1621","10","2013-09-24"
"1622","10","2013-09-25"
"1623","10","2013-09-26"
"1624","10","2013-09-27"
"1625","10","2013-09-30"
"1626","10","2013-10-01"
"1627","10","2013-10-02"
"1628","10","2013-10-03"
"1629","10","2013-10-04"
"1630","10","2013-10-08"
"1631","10","2013-10-09"
"1632","10","2013-10-10"
"1633","10","2013-10-11"
"1634","10","2013-10-14"
"1635","10","2013-10-15"
"1636","10","2013-10-16"
"1637","10","2013-10-17"
"1638","10","2013-10-18"
"1639","10","2013-10-21"
"1640","10","2013-10-22"
"1641","10","2013-10-23"
"1642","10","2013-10-24"
"1643","10","2013-10-25"
"1644","10","2013-10-28"
"1645","10","2013-10-29"
"1646","10","2013-10-30"
"1647","10","2013-10-31"
"1648","10","2013-11-01"
"1649","10","2013-11-04"
"1650","10","2013-11-05"
"1651","10","2013-11-06"
"1652","10","2013-11-07"
"1653","10","2013-11-08"
"1654","10","2013-11-11"
"1655","10","2013-11-12"
"1656","10","2013-11-13"
"1657","10","2013-11-14"
"1658","10","2013-11-15"
"1659","10","2013-11-18"
"1660","10","2013-11-19"
"1661","10","2013-11-20"
"1662","10","2013-11-21"
"1663","10","2013-11-22"
"1664","10","2013-11-25"
"1665","10","2013-11-26"
"1666","10","2013-11-27"
"1667","10","2013-11-28"
"1668","10","2013-11-29"
"1669","10","2013-12-02"
"1670","10","2013-12-03"
"1671","10","2013-12-04"
"1672","10","2013-12-05"
"1673","10","2013-12-06"
"1674","10","2013-12-09"
"1675","10","2013-12-10"
"1676","10","2013-12-11"
"1677","10","2013-12-12"
"1678","10","2013-12-13"
"1679","10","2013-12-16"
"1680","10","2013-12-17"
"1681","10","2013-12-18"
"1682","10","2013-12-19"
"1683","10","2013-12-20"
"1684","10","2013-12-23"
"1685","10","2013-12-24"
"1686","10","2014-01-02"
"1687","10","2014-01-03"
"1688","10","2014-01-06"
"1689","10","2014-01-07"
"1690","10","2014-01-08"
"1691","10","2014-01-09"
"1692","10","2014-01-10"
"1693","10","2014-01-13"
"1694","10","2014-01-14"
"1695","10","2014-01-15"
"1696","10","2014-01-16"
"1697","10","2014-01-17"
"1698","10","2014-01-20"
"1699","10","2014-01-21"
"1700","10","2014-01-22"
"1701","10","2014-01-23"
"1702","10","2014-01-24"
"1703","11","2014-01-28"
"1704","11","2014-01-29"
"1705","11","2014-01-30"
"1706","11","2014-01-31"
"1707","11","2014-02-03"
"1708","11","2014-02-04"
"1709","11","2014-02-05"
"1710","11","2014-02-06"
"1711","11","2014-02-07"
"1712","11","2014-02-10"
"1713","11","2014-02-11"
"1714","11","2014-02-12"
"1715","11","2014-02-13"
"1716","11","2014-02-14"
"1717","11","2014-02-17"
"1718","11","2014-02-18"
"1719","11","2014-02-19"
"1720","11","2014-02-20"
"1721","11","2014-02-21"
"1722","11","2014-02-24"
"1723","11","2014-02-25"
"1724","11","2014-02-26"
"1725","11","2014-02-27"
"1726","11","2014-02-28"
"1727","11","2014-03-03"
"1728","11","2014-03-04"
"1729","11","2014-03-05"
"1730","11","2014-03-06"
"1731","11","2014-03-07"
"1732","11","2014-03-10"
"1733","11","2014-03-11"
"1734","11","2014-03-12"
"1735","11","2014-03-13"
"1736","11","2014-03-14"
"1737","11","2014-03-17"
"1738","11","2014-03-18"
"1739","11","2014-03-19"
"1740","11","2014-03-20"
"1741","11","2014-03-21"
"1742","11","2014-03-24"
"1743","11","2014-03-25"
"1744","11","2014-03-26"
"1745","11","2014-03-27"
"1746","11","2014-03-28"
"1747","11","2014-03-31"
"1748","11","2014-04-01"
"1749","11","2014-04-02"
"1750","11","2014-04-03"
"1751","11","2014-04-04"
"1752","11","2014-04-07"
"1753","11","2014-04-08"
"1754","11","2014-04-09"
"1755","11","2014-04-10"
"1756","11","2014-04-11"
"1757","11","2014-04-14"
"1758","11","2014-04-15"
"1759","11","2014-04-16"
"1760","11","2014-04-17"
"1761","11","2014-04-22"
"1762","11","2014-04-23"
"1763","11","2014-04-24"
"1764","11","2014-04-28"
"1765","11","2014-04-29"
"1766","11","2014-04-30"
"1767","11","2014-05-01"
"1768","11","2014-05-02"
"1769","11","2014-05-05"
"1770","11","2014-05-06"
"1771","11","2014-05-07"
"1772","11","2014-05-08"
"1773","11","2014-05-09"
"1774","11","2014-05-12"
"1775","11","2014-05-13"
"1776","11","2014-05-14"
"1777","11","2014-05-15"
"1778","11","2014-05-16"
"1779","11","2014-05-19"
"1780","11","2014-05-20"
"1781","11","2014-05-21"
"1782","11","2014-05-22"
"1783","11","2014-05-23"
"1784","11","2014-05-26"
"1785","11","2014-05-27"
"1786","11","2014-05-28"
"1787","11","2014-05-29"
"1788","11","2014-05-30"
"1789","11","2014-06-02"
"1790","11","2014-06-03"
"1791","11","2014-06-04"
"1792","11","2014-06-05"
"1793","11","2014-06-06"
"1794","11","2014-06-10"
"1795","11","2014-06-11"
"1796","11","2014-06-12"
"1797","11","2014-06-13"
"1798","11","2014-06-16"
"1799","11","2014-06-17"
"1800","11","2014-06-18"
"1801","11","2014-06-19"
"1802","11","2014-06-20"
"1803","11","2014-06-23"
"1804","11","2014-06-24"
"1805","11","2014-06-25"
"1806","11","2014-06-26"
"1807","11","2014-06-27"
"1808","11","2014-06-30"
"1809","11","2014-07-01"
"1810","11","2014-07-02"
"1811","11","2014-07-04"
"1812","11","2014-07-07"
"1813","11","2014-07-08"
"1814","11","2014-07-09"
"1815","11","2014-07-11"
"1816","11","2014-07-14"
"1817","11","2014-07-15"
"1818","11","2014-07-16"
"1819","11","2014-07-17"
"1820","11","2014-07-18"
"1821","11","2014-07-21"
"1822","11","2014-07-22"
"1823","11","2014-07-23"
"1824","11","2014-07-24"
"1825","11","2014-07-25"
"1826","11","2014-07-28"
"1827","11","2014-07-29"
"1828","11","2014-07-30"
"1829","11","2014-07-31"
"1830","11","2014-08-01"
"1831","11","2014-08-04"
"1832","11","2014-08-05"
"1833","11","2014-08-06"
"1834","11","2014-08-07"
"1835","11","2014-08-08"
"1836","11","2014-08-11"
"1837","11","2014-08-12"
"1838","11","2014-08-13"
"1839","11","2014-08-14"
"1840","11","2014-08-15"
"1841","11","2014-08-18"
"1842","11","2014-08-19"
"1843","11","2014-08-20"
"1844","11","2014-08-21"
"1845","11","2014-08-22"
"1846","11","2014-08-25"
"1847","11","2014-08-26"
"1848","11","2014-08-27"
"1849","11","2014-08-28"
"1850","11","2014-08-29"
"1851","11","2014-09-01"
"1852","11","2014-09-02"
"1853","11","2014-09-03"
"1854","11","2014-09-04"
"1855","11","2014-09-05"
"1856","12","2014-09-08"
"1857","12","2014-09-09"
"1858","12","2014-09-10"
"1859","12","2014-09-11"
"1860","12","2014-09-12"
"1861","12","2014-09-15"
"1862","12","2014-09-16"
"1863","12","2014-09-17"
"1864","12","2014-09-18"
"1865","12","2014-09-19"
"1866","12","2014-09-22"
"1867","12","2014-09-23"
"1868","12","2014-09-24"
"1869","12","2014-09-25"
"1870","12","2014-09-26"
"1871","12","2014-09-29"
"1872","12","2014-09-30"
"1873","12","2014-10-01"
"1874","12","2014-10-02"
"1875","12","2014-10-03"
"1876","12","2014-10-07"
"1877","12","2014-10-08"
"1878","12","2014-10-09"
"1879","12","2014-10-10"
"1880","12","2014-10-13"
"1881","12","2014-10-14"
"1882","12","2014-10-15"
"1883","12","2014-10-16"
"1884","12","2014-10-17"
"1885","12","2014-10-20"
"1886","12","2014-10-21"
"1887","12","2014-10-22"
"1888","12","2014-10-23"
"1889","12","2014-10-24"
"1890","12","2014-10-27"
"1891","12","2014-10-28"
"1892","12","2014-10-29"
"1893","12","2014-10-30"
"1894","12","2014-10-31"
"1895","12","2014-11-03"
"1896","12","2014-11-04"
"1897","12","2014-11-05"
"1898","12","2014-11-06"
"1899","12","2014-11-07"
"1900","12","2014-11-10"
"1901","12","2014-11-11"
"1902","12","2014-11-12"
"1903","12","2014-11-13"
"1904","12","2014-11-14"
"1905","12","2014-11-17"
"1906","12","2014-11-18"
"1907","12","2014-11-19"
"1908","12","2014-11-20"
"1909","12","2014-11-21"
"1910","12","2014-11-24"
"1911","12","2014-11-25"
"1912","12","2014-11-26"
"1913","12","2014-11-27"
"1914","12","2014-11-28"
"1915","12","2014-12-01"
"1916","12","2014-12-02"
"1917","12","2014-12-03"
"1918","12","2014-12-04"
"1919","12","2014-12-05"
"1920","12","2014-12-08"
"1921","12","2014-12-09"
"1922","12","2014-12-10"
"1923","12","2014-12-11"
"1924","12","2014-12-12"
"1925","12","2014-12-15"
"1926","12","2014-12-16"
"1927","12","2014-12-17"
"1928","12","2014-12-18"
"1929","12","2014-12-19"
"1930","12","2014-12-22"
"1931","12","2014-12-23"
"1932","12","2014-12-24"
"1933","12","2014-12-30"
"1934","12","2014-12-31"
"1935","12","2015-01-05"
"1936","12","2015-01-06"
"1937","12","2015-01-07"
"1938","12","2015-01-08"
"1939","12","2015-01-09"
"1940","12","2015-01-12"
"1941","12","2015-01-13"
"1942","12","2015-01-14"
"1943","12","2015-01-15"
"1944","12","2015-01-16"
"1945","12","2015-01-19"
"1946","12","2015-01-20"
"1947","12","2015-01-21"
"1948","12","2015-01-22"
"1949","12","2015-01-23"
"1950","12","2015-01-27"
"1951","12","2015-01-28"
"1952","12","2015-01-29"
"1953","12","2015-01-30"
"1954","12","2015-02-02"
"1955","12","2015-02-03"
"1956","12","2015-02-04"
"1957","12","2015-02-05"
"1958","12","2015-02-06"
"1959","12","2015-02-09"
"1960","12","2015-02-10"
"1961","12","2015-02-11"
"1962","12","2015-02-12"
"1963","12","2015-02-13"
"1964","12","2015-02-16"
"1965","12","2015-02-17"
"1966","12","2015-02-18"
"1967","12","2015-02-19"
"1968","12","2015-02-20"
"1969","12","2015-02-23"
"1970","12","2015-02-24"
"1971","12","2015-02-25"
"1972","12","2015-02-26"
"1973","12","2015-02-27"
"1974","12","2015-03-02"
"1975","12","2015-03-03"
"1976","12","2015-03-04"
"1977","12","2015-03-05"
"1978","12","2015-03-06"
"1979","12","2015-03-09"
"1980","12","2015-03-10"
"1981","12","2015-03-11"
"1982","12","2015-03-12"
"1983","12","2015-03-13"
"1984","12","2015-03-16"
"1985","12","2015-03-17"
"1986","12","2015-03-18"
"1987","12","2015-03-19"
"1988","12","2015-03-20"
"1989","12","2015-03-23"
"1990","12","2015-03-24"
"1991","12","2015-03-25"
"1992","12","2015-03-26"
"1993","12","2015-03-27"
"1994","12","2015-03-30"
"1995","12","2015-03-31"
"1996","12","2015-04-01"
"1997","12","2015-04-02"
"1998","12","2015-04-07"
"1999","12","2015-04-08"
"2000","12","2015-04-09"
"2001","12","2015-04-10"
"2002","12","2015-04-13"
"2003","12","2015-04-14"
"2004","12","2015-04-15"
"2005","12","2015-04-17"
"2006","12","2015-04-20"
"2007","12","2015-04-23"
"2008","12","2015-04-24"
"2009","12","2015-04-27"
"2010","12","2015-04-28"
"2011","12","2015-04-29"
"2012","12","2015-04-30"
"2013","12","2015-05-01"
"2014","13","2015-05-04"
"2015","13","2015-05-05"
"2016","13","2015-05-06"
"2017","13","2015-05-07"
"2018","13","2015-05-08"
"2019","13","2015-05-11"
"2020","13","2015-05-12"
"2021","13","2015-05-13"
"2022","13","2015-05-14"
"2023","13","2015-05-15"
"2024","13","2015-05-18"
"2025","13","2015-05-19"
"2026","13","2015-05-20"
"2027","13","2015-05-21"
"2028","13","2015-05-22"
"2029","13","2015-05-25"
"2030","13","2015-05-26"
"2031","13","2015-05-27"
"2032","13","2015-05-28"
"2033","13","2015-05-29"
"2034","13","2015-06-01"
"2035","13","2015-06-02"
"2036","13","2015-06-03"
"2037","13","2015-06-04"
"2038","13","2015-06-05"
"2039","13","2015-06-09"
"2040","13","2015-06-10"
"2041","13","2015-06-11"
"2042","13","2015-06-12"
"2043","13","2015-06-15"
"2044","13","2015-06-16"
"2045","13","2015-06-17"
"2046","13","2015-06-18"
"2047","13","2015-06-19"
"2048","13","2015-06-22"
"2049","13","2015-06-23"
"2050","13","2015-06-24"
"2051","13","2015-06-25"
"2052","13","2015-06-26"
"2053","13","2015-06-29"
"2054","13","2015-06-30"
"2055","13","2015-07-01"
"2056","13","2015-07-02"
"2057","13","2015-07-03"
"2058","13","2015-07-06"
"2059","13","2015-07-07"
"2060","13","2015-07-08"
"2061","13","2015-07-09"
"2062","13","2015-07-10"
"2063","13","2015-07-13"
"2064","13","2015-07-14"
"2065","13","2015-07-15"
"2066","13","2015-07-16"
"2067","13","2015-07-17"
"2068","13","2015-07-20"
"2069","13","2015-07-21"
"2070","13","2015-07-22"
"2071","13","2015-07-23"
"2072","13","2015-07-24"
"2073","13","2015-07-27"
"2074","13","2015-07-28"
"2075","13","2015-07-29"
"2076","13","2015-07-30"
"2077","13","2015-07-31"
"2078","13","2015-08-03"
"2079","13","2015-08-04"
"2080","13","2015-08-05"
"2081","13","2015-08-06"
"2082","13","2015-08-07"
"2083","13","2015-08-10"
"2084","13","2015-08-11"
"2085","13","2015-08-12"
"2086","13","2015-08-13"
"2087","13","2015-08-14"
"2088","13","2015-08-17"
"2089","13","2015-08-18"
"2090","13","2015-08-19"
"2091","13","2015-08-20"
"2092","13","2015-08-21"
"2093","13","2015-08-24"
"2094","13","2015-08-25"
"2095","13","2015-08-26"
"2096","13","2015-08-27"
"2097","13","2015-08-28"
"2098","13","2015-08-31"
"2099","13","2015-09-01"
"2100","13","2015-09-02"
"2101","13","2015-09-03"
"2102","13","2015-09-04"
"2103","13","2015-09-07"
"2104","13","2015-09-08"
"2105","13","2015-09-09"
"2106","13","2015-09-10"
"2107","13","2015-09-11"
"2108","13","2015-09-14"
"2109","13","2015-09-15"
"2110","13","2015-09-17"
"2111","13","2015-09-18"
"2112","13","2015-09-21"
"2113","13","2015-09-23"
"2114","13","2015-09-24"
"2115","13","2015-09-25"
"2116","13","2015-09-28"
"2117","13","2015-09-29"
"2118","13","2015-09-30"
"2119","13","2015-10-01"
"2120","13","2015-10-02"
"2121","13","2015-10-06"
"2122","13","2015-10-07"
"2123","13","2015-10-08"
"2124","13","2015-10-09"
"2125","13","2015-10-12"
"2126","13","2015-10-13"
"2127","13","2015-10-14"
"2128","13","2015-10-15"
"2129","13","2015-10-16"
"2130","13","2015-10-19"
"2131","13","2015-10-20"
"2132","13","2015-10-21"
"2133","13","2015-10-22"
"2134","13","2015-10-23"
"2135","13","2015-10-26"
"2136","13","2015-10-27"
"2137","13","2015-10-28"
"2138","13","2015-10-29"
"2139","13","2015-10-30"
"2140","13","2015-11-02"
"2141","13","2015-11-03"
"2142","13","2015-11-04"
"2143","13","2015-11-05"
"2144","13","2015-11-06"
"2145","14","2015-11-09"
"2146","14","2015-11-10"
"2147","14","2015-11-11"
"2148","14","2015-11-12"
"2149","14","2015-11-13"
"2150","14","2015-11-16"
"2151","14","2015-11-17"
"2152","14","2015-11-18"
"2153","14","2015-11-19"
"2154","14","2015-11-20"
"2155","14","2015-11-23"
"2156","14","2015-11-24"
"2157","14","2015-11-25"
"2158","14","2015-11-26"
"2159","14","2015-11-27"
"2160","14","2015-11-30"
"2161","14","2015-12-01"
"2162","14","2015-12-02"
"2163","14","2015-12-03"
"2164","14","2015-12-04"
"2165","14","2015-12-07"
"2166","14","2015-12-08"
"2167","14","2015-12-09"
"2168","14","2015-12-10"
"2169","14","2015-12-11"
"2170","14","2015-12-14"
"2171","14","2015-12-15"
"2172","14","2015-12-16"
"2173","14","2015-12-17"
"2174","14","2015-12-18"
"2175","14","2015-12-21"
"2176","14","2015-12-22"
"2177","14","2015-12-23"
"2178","14","2015-12-24"
"2179","14","2016-01-04"
"2180","14","2016-01-05"
"2181","14","2016-01-06"
"2182","14","2016-01-07"
"2183","14","2016-01-08"
"2184","14","2016-01-11"
"2185","14","2016-01-12"
"2186","14","2016-01-13"
"2187","14","2016-01-14"
"2188","14","2016-01-15"
"2189","14","2016-01-18"
"2190","14","2016-01-19"
"2191","14","2016-01-20"
"2192","14","2016-01-21"
"2193","14","2016-01-22"
"2194","14","2016-01-25"
"2195","14","2016-01-27"
"2196","14","2016-01-28"
"2197","14","2016-01-29"
"2198","14","2016-02-01"
"2199","14","2016-02-02"
"2200","14","2016-02-03"
"2201","14","2016-02-04"
"2202","14","2016-02-05"
"2203","14","2016-02-08"
"2204","14","2016-02-09"
"2205","14","2016-02-10"
"2206","14","2016-02-11"
"2207","14","2016-02-12"
"2208","14","2016-02-15"
"2209","14","2016-02-16"
"2210","14","2016-02-17"
"2211","14","2016-02-18"
"2212","14","2016-02-22"
"2213","14","2016-02-23"
"2214","14","2016-02-24"
"2215","14","2016-02-25"
"2216","14","2016-02-26"
"2217","14","2016-02-29"
"2218","14","2016-03-01"
"2219","14","2016-03-02"
"2220","14","2016-03-03"
"2221","14","2016-03-04"
"2222","14","2016-03-07"
"2223","14","2016-03-08"
"2224","14","2016-03-09"
"2225","14","2016-03-10"
"2226","14","2016-03-11"
"2227","14","2016-03-14"
"2228","14","2016-03-15"
"2229","14","2016-03-16"
"2230","14","2016-03-18"
"2231","14","2016-03-21"
"2232","14","2016-03-22"
"2233","14","2016-03-23"
"2234","14","2016-03-24"
"2235","14","2016-03-29"
"2236","14","2016-03-30"
"2237","14","2016-03-31"
"2238","14","2016-04-01"
"2239","14","2016-04-04"
"2240","14","2016-04-05"
"2241","14","2016-04-06"
"2242","14","2016-04-07"
"2243","14","2016-04-08"
"2244","14","2016-04-11"
"2245","14","2016-04-12"
"2246","14","2016-04-13"
"2247","14","2016-04-14"
"2248","14","2016-04-15"
"2249","14","2016-04-18"
"2250","14","2016-04-19"
"2251","14","2016-04-20"
"2252","14","2016-04-21"
"2253","14","2016-04-22"
"2254","14","2016-04-26"
"2255","14","2016-04-27"
"2256","14","2016-04-28"
"2257","14","2016-04-29"
"2258","14","2016-05-02"
"2259","14","2016-05-03"
"2260","14","2016-05-04"
"2261","14","2016-05-05"
"2262","14","2016-05-06"
"2263","14","2016-05-09"
"2264","14","2016-05-10"
"2265","14","2016-05-11"
"2266","14","2016-05-12"
"2267","14","2016-05-13"
"2268","15","2016-05-16"
"2269","15","2016-05-17"
"2270","15","2016-05-18"
"2271","15","2016-05-19"
"2272","15","2016-05-20"
"2273","15","2016-05-23"
"2274","15","2016-05-24"
"2275","14","2016-05-13"
"2277","15","2016-05-25"
"2278","15","2016-05-26"
"2279","15","2016-05-27"
"2280","15","2016-05-30"
"2281","15","2016-05-31"
"2282","15","2016-06-01"
"2283","15","2016-06-02"
"2284","15","2016-06-03"
